Sector,Category of Employee,Grade / Service Details,Year of Service,Rate Type,Rate,Effective From,Notes
Attorneys,Clerk,,1st year,monthly,17101,2024-01-01,
Attorneys,Clerk,,2nd year,monthly,17257,2024-01-01,
Attorneys,Clerk,,3rd year,monthly,17418,2024-01-01,
Attorneys,Clerk,,4th year,monthly,17580,2024-01-01,
Attorneys,Clerk,,5th year,monthly,17735,2024-01-01,
Attorneys,Clerk,,6th year,monthly,17943,2024-01-01,
Attorneys,Clerk,,7th year,monthly,18150,2024-01-01,
Attorneys,Clerk,,8th year,monthly,18258,2024-01-01,
Attorneys,Clerk,,9th year,monthly,18465,2024-01-01,
Attorneys,Clerk,,10th year,monthly,18672,2024-01-01,
Attorneys,Clerk,,11th year,monthly,18932,2024-01-01,
Attorneys,Clerk,,12th year,monthly,19191,2024-01-01,
Attorneys,Clerk,,13th year,monthly,19350,2024-01-01,
Attorneys,Clerk,,14th year,monthly,19609,2024-01-01,
Attorneys,Clerk,,15th year,monthly,19920,2024-01-01,
Attorneys,Clerk,,16th year,monthly,20232,2024-01-01,
Attorneys,Clerk,,17th year,monthly,20543,2024-01-01,
Attorneys,Clerk,,18th year,monthly,20854,2024-01-01,
Attorneys,Clerk,,19th year,monthly,21191,2024-01-01,
Attorneys,Clerk,,20th year & thereafter,monthly,21554,2024-01-01,
Attorneys,Secretary,,1st year,monthly,17101,2024-01-01,
Attorneys,Secretary,,2nd year,monthly,17257,2024-01-01,
Attorneys,Secretary,,3rd year,monthly,17418,2024-01-01,
Attorneys,Secretary,,4th year,monthly,17580,2024-01-01,
Attorneys,Secretary,,5th year,monthly,17735,2024-01-01,
Attorneys,Secretary,,6th year,monthly,17943,2024-01-01,
Attorneys,Secretary,,7th year,monthly,18150,2024-01-01,
Attorneys,Secretary,,8th year,monthly,18258,2024-01-01,
Attorneys,Secretary,,9th year,monthly,18465,2024-01-01,
Attorneys,Secretary,,10th year,monthly,18672,2024-01-01,
Attorneys,Secretary,,11th year,monthly,18932,2024-01-01,
Attorneys,Secretary,,12th year,monthly,19191,2024-01-01,
Attorneys,Secretary,,13th year,monthly,19350,2024-01-01,
Attorneys,Secretary,,14th year,monthly,19609,2024-01-01,
Attorneys,Secretary,,15th year & thereafter,monthly,19920,2024-01-01,
Baking Industry,Bakery Operator,Semi-automated bakery,,daily,810.89,2024-01-01,6-day week
Baking Industry,Handyperson,Semi-automated bakery,,daily,681.53,2024-01-01,6-day week
Baking Industry,Bakery Operator,Industrial bakery,,daily,794.39,2024-01-01,6-day week
Baking Industry,Handyperson,Industrial bakery,,daily,670.24,2024-01-01,6-day week
Baking Industry,Coupeur,Mechanised bakery (first 13 bags of flour),,daily,752.57,2024-01-01,
Baking Industry,Brigadier,Mechanised bakery (first 13 bags of flour),,daily,699.94,2024-01-01,
Baking Industry,Mixer,Mechanised bakery (first 13 bags of flour),,daily,699.94,2024-01-01,
Baking Industry,Mechanised Bakery Helper,Mechanised bakery (first 13 bags of flour),,daily,639.69,2024-01-01,
Baking Industry,Oven Operator,Biscuit factory,,daily,647.70,2024-01-01,6-day week
Baking Industry,Assistant Oven Operator,Biscuit factory,,daily,643.30,2024-01-01,6-day week
Baking Industry,Mixer,Biscuit factory,,daily,659.46,2024-01-01,6-day week
Baking Industry,Assistant Mixer,Biscuit factory,,daily,643.30,2024-01-01,6-day week
Baking Industry,Machine Operator,Biscuit factory,,daily,659.46,2024-01-01,6-day week
Baking Industry,Assistant Machine Operator / Biscuit Stamping Machine Operator,Biscuit factory,,daily,643.30,2024-01-01,6-day week
Baking Industry,Biscuit Factory Helper,Biscuit factory,,daily,638.49,2024-01-01,6-day week
Baking Industry,Oven Operator,Pastry bakery,,daily,659.46,2024-01-01,6-day week
Baking Industry,Assistant Oven Operator,Pastry bakery,,daily,647.70,2024-01-01,6-day week
Baking Industry,Mixer,Pastry bakery,,daily,685.19,2024-01-01,6-day week
Baking Industry,Assistant Mixer,Pastry bakery,,daily,659.46,2024-01-01,6-day week
Baking Industry,Pastry Bakery Helper,Pastry bakery,,daily,638.49,2024-01-01,6-day week
Baking Industry,Handpacker,,,daily,634.61,2024-01-01,6-day week
Baking Industry,Clerk,,1st year,monthly,17773,2024-01-01,
Baking Industry,Clerk,,2nd year,monthly,17996,2024-01-01,
Baking Industry,Clerk,,3rd year,monthly,18149,2024-01-01,
Baking Industry,Clerk,,4th year,monthly,18311,2024-01-01,
Baking Industry,Clerk,,5th year,monthly,18590,2024-01-01,
Baking Industry,Clerk,,6th year,monthly,18715,2024-01-01,
Baking Industry,Clerk,,7th year,monthly,18940,2024-01-01,
Baking Industry,Clerk,,8th year & thereafter,monthly,19155,2024-01-01,
Baking Industry,Driver,,1st year,monthly,17820,2024-01-01,
Baking Industry,Driver,,2nd year,monthly,17885,2024-01-01,
Baking Industry,Driver,,3rd year,monthly,17950,2024-01-01,
Baking Industry,Driver,,4th year,monthly,18045,2024-01-01,
Baking Industry,Driver,,5th year & thereafter,monthly,18140,2024-01-01,
Baking Industry,Salesperson,,1st year,monthly,17185,2024-01-01,
Baking Industry,Salesperson,,2nd year,monthly,17250,2024-01-01,
Baking Industry,Salesperson,,3rd year,monthly,17315,2024-01-01,
Baking Industry,Salesperson,,4th year,monthly,17380,2024-01-01,
Baking Industry,Salesperson,,5th year & thereafter,monthly,17445,2024-01-01,
Banks Fishermen,Banks Fisherman,Up to 125 kilogrammes,,per_kg,32.82,2024-01-01,Per dory of 3 fishermen
Banks Fishermen,Banks Fisherman,Above 125 kilogrammes,,per_kg,43.41,2024-01-01,Per dory of 3 fishermen
Banks Fishermen,Frigo-worker,,,daily,807.39,2024-01-01,
Catering and Tourism,Assistant Head Cook / Assistant Head Pastry Cook,,1st year,monthly,20591,2024-01-01,
Catering and Tourism,Assistant Head Cook / Assistant Head Pastry Cook,,2nd year,monthly,20721,2024-01-01,
Catering and Tourism,Assistant Head Cook / Assistant Head Pastry Cook,,3rd year,monthly,20851,2024-01-01,
Catering and Tourism,Assistant Head Cook / Assistant Head Pastry Cook,,4th year & thereafter,monthly,20981,2024-01-01,
Catering and Tourism,Cook / Pastry Cook,,1st year,monthly,20075,2024-01-01,
Catering and Tourism,Cook / Pastry Cook,,2nd year,monthly,20205,2024-01-01,
Catering and Tourism,Cook / Pastry Cook,,3rd year,monthly,20335,2024-01-01,
Catering and Tourism,Cook / Pastry Cook,,4th year & thereafter,monthly,20465,2024-01-01,
Catering and Tourism,Assistant Cook / Assistant Pastry Cook,,1st year,monthly,18723,2024-01-01,
Catering and Tourism,Assistant Cook / Assistant Pastry Cook,,2nd year,monthly,18863,2024-01-01,
Catering and Tourism,Assistant Cook / Assistant Pastry Cook,,3rd year,monthly,18993,2024-01-01,
Catering and Tourism,Assistant Cook / Assistant Pastry Cook,,4th year & thereafter,monthly,19123,2024-01-01,
Catering and Tourism,Fast Food Operative,,1st year,monthly,18688,2024-01-01,
Catering and Tourism,Fast Food Operative,,2nd year,monthly,18723,2024-01-01,
Catering and Tourism,Fast Food Operative,,3rd year,monthly,18863,2024-01-01,
Catering and Tourism,Fast Food Operative,,4th year & thereafter,monthly,18993,2024-01-01,
Catering and Tourism,Head Waiter,,1st year,monthly,19778,2024-01-01,
Catering and Tourism,Head Waiter,,2nd year,monthly,19883,2024-01-01,
Catering and Tourism,Head Waiter,,3rd year,monthly,20078,2024-01-01,
Catering and Tourism,Head Waiter,,4th year & thereafter,monthly,20273,2024-01-01,
Catering and Tourism,Assistant Head Waiter,,1st year,monthly,18615,2024-01-01,
Catering and Tourism,Assistant Head Waiter,,2nd year,monthly,18655,2024-01-01,
Catering and Tourism,Assistant Head Waiter,,3rd year,monthly,18790,2024-01-01,
Catering and Tourism,Assistant Head Waiter,,4th year & thereafter,monthly,18925,2024-01-01,
Catering and Tourism,Waiter / Beach Waiter / Loader / Tea Maker,,1st year,monthly,18113,2024-01-01,
Catering and Tourism,Waiter / Beach Waiter / Loader / Tea Maker,,2nd year,monthly,18263,2024-01-01,
Catering and Tourism,Waiter / Beach Waiter / Loader / Tea Maker,,3rd year,monthly,18398,2024-01-01,
Catering and Tourism,Waiter / Beach Waiter / Loader / Tea Maker,,4th year & thereafter,monthly,18548,2024-01-01,
Catering and Tourism,Bartender,,1st year,monthly,19778,2024-01-01,
Catering and Tourism,Bartender,,2nd year,monthly,19883,2024-01-01,
Catering and Tourism,Bartender,,3rd year,monthly,20078,2024-01-01,
Catering and Tourism,Bartender,,4th year & thereafter,monthly,20273,2024-01-01,
Cinema Industry,Driver,,,monthly,18244,2024-01-01,
Cinema Industry,Store Assistant,,,monthly,17542,2024-01-01,
Cinema Industry,Caretaker / Cleaner,,,monthly,17542,2024-01-01,
Cinema Industry,Cleaner,,,monthly,16500,2024-01-01,
Cinema Industry,Helper,,,monthly,16540,2024-01-01,
Cinema Industry,Projectionist,,,monthly,18074,2024-01-01,Base rate for up to 28 shows per month
Cinema Industry,Projectionist,,,per_show,826.66,2024-01-01,Per show above 28 shows and for casual employees
Cinema Industry,Assistant Projectionist,,,monthly,16942,2024-01-01,Base rate for up to 28 shows per month
Cinema Industry,Assistant Projectionist,,,per_show,678.81,2024-01-01,Per show above 28 shows and for casual employees
Cinema Industry,Box-office Attendant,,,monthly,16839,2024-01-01,Base rate for up to 28 shows per month
Cinema Industry,Box-office Attendant,,,per_show,658.24,2024-01-01,Per show above 28 shows and for casual employees
Cinema Industry,Ticket Controller,,,monthly,16839,2024-01-01,Base rate for up to 28 shows per month
Cinema Industry,Ticket Controller,,,per_show,658.24,2024-01-01,Per show above 28 shows and for casual employees
Cinema Industry,Usher,,,monthly,16839,2024-01-01,Base rate for up to 28 shows per month
Cinema Industry,Usher,,,per_show,658.24,2024-01-01,Per show above 28 shows and for casual employees
Cinema Industry,Cafe Keeper,,,monthly,16839,2024-01-01,Base rate for up to 28 shows per month
Cinema Industry,Cafe Keeper,,,per_show,658.24,2024-01-01,Per show above 28 shows and for casual employees
Cleaning Industry,Supervisor,,1st year,monthly,19110,2024-01-01,
Cleaning Industry,Supervisor,,2nd year,monthly,19310,2024-01-01,
Cleaning Industry,Supervisor,,3rd year,monthly,19535,2024-01-01,
Cleaning Industry,Supervisor,,4th year,monthly,19760,2024-01-01,
Cleaning Industry,Supervisor,,5th year,monthly,19885,2024-01-01,
Cleaning Industry,Supervisor,,6th year,monthly,20110,2024-01-01,
Cleaning Industry,Supervisor,,7th year,monthly,20335,2024-01-01,
Cleaning Industry,Supervisor,,8th year and thereafter,monthly,20560,2024-01-01,
Cleaning Industry,Accounts Clerk,,1st year,monthly,17990,2024-01-01,
Cleaning Industry,Accounts Clerk,,2nd year,monthly,18190,2024-01-01,
Cleaning Industry,Accounts Clerk,,3rd year,monthly,18390,2024-01-01,
Cleaning Industry,Accounts Clerk,,4th year,monthly,18590,2024-01-01,
Cleaning Industry,Accounts Clerk,,5th year,monthly,18790,2024-01-01,
Cleaning Industry,Accounts Clerk,,6th year,monthly,18961,2024-01-01,
Cleaning Industry,Accounts Clerk,,7th year,monthly,19169,2024-01-01,
Cleaning Industry,Accounts Clerk,,8th year and thereafter,monthly,19390,2024-01-01,
Cleaning Industry,Store Clerk,,1st year,monthly,17705,2024-01-01,
Cleaning Industry,Store Clerk,,2nd year,monthly,17890,2024-01-01,
Cleaning Industry,Store Clerk,,3rd year,monthly,18075,2024-01-01,
Cleaning Industry,Store Clerk,,4th year,monthly,18275,2024-01-01,
Cleaning Industry,Store Clerk,,5th year,monthly,18475,2024-01-01,
Cleaning Industry,Store Clerk,,6th year,monthly,18675,2024-01-01,
Cleaning Industry,Store Clerk,,7th year,monthly,18842,2024-01-01,
Cleaning Industry,Store Clerk,,8th year and thereafter,monthly,19049,2024-01-01,
Cleaning Industry,Receptionist / Telephonist,,1st year,monthly,17195,2024-01-01,
Cleaning Industry,Receptionist / Telephonist,,2nd year,monthly,17380,2024-01-01,
Cleaning Industry,Receptionist / Telephonist,,3rd year,monthly,17565,2024-01-01,
Cleaning Industry,Receptionist / Telephonist,,4th year,monthly,17750,2024-01-01,
Cleaning Industry,Receptionist / Telephonist,,5th year,monthly,17935,2024-01-01,
Cleaning Industry,Receptionist / Telephonist,,6th year,monthly,18135,2024-01-01,
Cleaning Industry,Receptionist / Telephonist,,7th year,monthly,18335,2024-01-01,
Cleaning Industry,Receptionist / Telephonist,,8th year and thereafter,monthly,18535,2024-01-01,
Cleaning Industry,Driver,Grade I,1st year,monthly,17950,2024-01-01,
Cleaning Industry,Driver,Grade I,2nd year,monthly,18150,2024-01-01,
Cleaning Industry,Driver,Grade I,3rd year,monthly,18350,2024-01-01,
Cleaning Industry,Driver,Grade I,4th year,monthly,18550,2024-01-01,
Cleaning Industry,Driver,Grade I,5th year,monthly,18750,2024-01-01,
Cleaning Industry,Driver,Grade I,6th year,monthly,18925,2024-01-01,
Cleaning Industry,Driver,Grade I,7th year,monthly,19132,2024-01-01,
Cleaning Industry,Driver,Grade I,8th year and thereafter,monthly,19340,2024-01-01,
Cleaning Industry,Driver,Grade II,1st year,monthly,17650,2024-01-01,
Cleaning Industry,Driver,Grade II,2nd year,monthly,17835,2024-01-01,
Cleaning Industry,Driver,Grade II,3rd year,monthly,18020,2024-01-01,
Cleaning Industry,Driver,Grade II,4th year,monthly,18220,2024-01-01,
Cleaning Industry,Driver,Grade II,5th year,monthly,18420,2024-01-01,
Cleaning Industry,Driver,Grade II,6th year,monthly,18620,2024-01-01,
Cleaning Industry,Driver,Grade II,7th year,monthly,18820,2024-01-01,
Cleaning Industry,Driver,Grade II,8th year and thereafter,monthly,18998,2024-01-01,
Cleaning Industry,Driver,Grade III,1st year,monthly,17395,2024-01-01,
Cleaning Industry,Driver,Grade III,2nd year,monthly,17580,2024-01-01,
Cleaning Industry,Driver,Grade III,3rd year,monthly,17765,2024-01-01,
Cleaning Industry,Driver,Grade III,4th year,monthly,17950,2024-01-01,
Cleaning Industry,Driver,Grade III,5th year,monthly,18150,2024-01-01,
Cleaning Industry,Driver,Grade III,6th year,monthly,18350,2024-01-01,
Cleaning Industry,Driver,Grade III,7th year,monthly,18550,2024-01-01,
Cleaning Industry,Driver,Grade III,8th year and thereafter,monthly,18750,2024-01-01,
Cleaning Industry,Refuse Collector,,1st year,monthly,16800,2024-01-01,
Cleaning Industry,Refuse Collector,,2nd year,monthly,16955,2024-01-01,
Cleaning Industry,Refuse Collector,,3rd year,monthly,17140,2024-01-01,
Cleaning Industry,Refuse Collector,,4th year,monthly,17325,2024-01-01,
Cleaning Industry,Refuse Collector,,5th year,monthly,17510,2024-01-01,
Cleaning Industry,Refuse Collector,,6th year,monthly,17695,2024-01-01,
Cleaning Industry,Refuse Collector,,7th year,monthly,17885,2024-01-01,
Cleaning Industry,Refuse Collector,,8th year and thereafter,monthly,18075,2024-01-01,
Cleaning Industry,Lavatory Attendant,,1st year,monthly,16800,2024-01-01,
Cleaning Industry,Lavatory Attendant,,2nd year,monthly,16955,2024-01-01,
Cleaning Industry,Lavatory Attendant,,3rd year,monthly,17140,2024-01-01,
Cleaning Industry,Lavatory Attendant,,4th year,monthly,17325,2024-01-01,
Cleaning Industry,Lavatory Attendant,,5th year,monthly,17510,2024-01-01,
Cleaning Industry,Lavatory Attendant,,6th year,monthly,17695,2024-01-01,
Cleaning Industry,Lavatory Attendant,,7th year,monthly,17885,2024-01-01,
Cleaning Industry,Lavatory Attendant,,8th year and thereafter,monthly,18075,2024-01-01,
Cleaning Industry,Helper,,1st year,monthly,16650,2024-01-01,
Cleaning Industry,Helper,,2nd year,monthly,16800,2024-01-01,
Cleaning Industry,Helper,,3rd year,monthly,16955,2024-01-01,
Cleaning Industry,Helper,,4th year,monthly,17140,2024-01-01,
Cleaning Industry,Helper,,5th year,monthly,17325,2024-01-01,
Cleaning Industry,Helper,,6th year,monthly,17510,2024-01-01,
Cleaning Industry,Helper,,7th year,monthly,17695,2024-01-01,
Cleaning Industry,Helper,,8th year and thereafter,monthly,17880,2024-01-01,
Cleaning Industry,Cleaner,,1st year,monthly,16650,2024-01-01,
Cleaning Industry,Cleaner,,2nd year,monthly,16800,2024-01-01,
Cleaning Industry,Cleaner,,3rd year,monthly,16955,2024-01-01,
Cleaning Industry,Cleaner,,4th year,monthly,17140,2024-01-01,
Cleaning Industry,Cleaner,,5th year,monthly,17325,2024-01-01,
Cleaning Industry,Cleaner,,6th year,monthly,17510,2024-01-01,
Cleaning Industry,Cleaner,,7th year,monthly,17695,2024-01-01,
Cleaning Industry,Cleaner,,8th year and thereafter,monthly,17880,2024-01-01,
Cleaning Industry,Night Watchman,,1st year,monthly,16500,2024-01-01,
Cleaning Industry,Night Watchman,,2nd year,monthly,16650,2024-01-01,
Cleaning Industry,Night Watchman,,3rd year,monthly,16800,2024-01-01,
Cleaning Industry,Night Watchman,,4th year,monthly,16955,2024-01-01,
Cleaning Industry,Night Watchman,,5th year,monthly,17140,2024-01-01,
Cleaning Industry,Night Watchman,,6th year,monthly,17325,2024-01-01,
Cleaning Industry,Night Watchman,,7th year,monthly,17510,2024-01-01,
Cleaning Industry,Night Watchman,,8th year and thereafter,monthly,17695,2024-01-01,
Domestic Workers,Cook,Monthly,,monthly,16745,2024-01-01,
Domestic Workers,Cook,Hourly,,hourly,85.87,2024-01-01,
Domestic Workers,Gardener,Monthly,,monthly,17100,2024-01-01,
Domestic Workers,Gardener,Hourly,,hourly,87.69,2024-01-01,
Domestic Workers,Household Employee,Monthly,,monthly,16500,2024-01-01,
Domestic Workers,Household Employee,Hourly,,hourly,84.62,2024-01-01,
Domestic Workers,Household Employee / Cook,Monthly,,monthly,17095,2024-01-01,
Domestic Workers,Household Employee / Cook,Hourly,,hourly,87.67,2024-01-01,
Domestic Workers,Cook (full-time),Monthly,,monthly,17100,2024-01-01,Full-time cook
Domestic Workers,Cook (full-time),Hourly,,hourly,87.69,2024-01-01,Full-time cook
Domestic Workers,Driver,Monthly (full-time),,monthly,17669,2024-01-01,
Domestic Workers,Driver,Hourly,,hourly,90.61,2024-01-01,
Domestic Workers,Driver,Monthly (part-time),,monthly,17100,2024-01-01,
Domestic Workers,Driver,Hourly (part-time),,hourly,54.81,2024-01-01,
Electrical Industry,Accounts Clerk / Storekeeper,,1st year,monthly,18000,2024-01-01,
Electrical Industry,Accounts Clerk / Storekeeper,,2nd year,monthly,18207,2024-01-01,
Electrical Industry,Accounts Clerk / Storekeeper,,3rd year,monthly,18315,2024-01-01,
Electrical Industry,Accounts Clerk / Storekeeper,,4th year,monthly,18522,2024-01-01,
Electrical Industry,Accounts Clerk / Storekeeper,,5th year,monthly,18755,2024-01-01,
Electrical Industry,Accounts Clerk / Storekeeper,,6th year,monthly,18989,2024-01-01,
Electrical Industry,Accounts Clerk / Storekeeper,,7th year and thereafter,monthly,19222,2024-01-01,
Electrical Industry,Clerk,,1st year,monthly,17348,2024-01-01,
Electrical Industry,Clerk,,2nd year,monthly,17536,2024-01-01,
Electrical Industry,Clerk,,3rd year,monthly,17720,2024-01-01,
Electrical Industry,Clerk,,4th year,monthly,17927,2024-01-01,
Electrical Industry,Clerk,,5th year,monthly,18135,2024-01-01,
Electrical Industry,Clerk,,6th year,monthly,18242,2024-01-01,
Electrical Industry,Clerk,,7th year and thereafter,monthly,18449,2024-01-01,
Electrical Industry,Receptionist / Telephonist,,1st year,monthly,16840,2024-01-01,
Electrical Industry,Receptionist / Telephonist,,2nd year,monthly,17023,2024-01-01,
Electrical Industry,Receptionist / Telephonist,,3rd year,monthly,17205,2024-01-01,
Electrical Industry,Receptionist / Telephonist,,4th year,monthly,17391,2024-01-01,
Electrical Industry,Receptionist / Telephonist,,5th year,monthly,17580,2024-01-01,
Electrical Industry,Receptionist / Telephonist,,6th year,monthly,17787,2024-01-01,
Electrical Industry,Receptionist / Telephonist,,7th year and thereafter,monthly,17995,2024-01-01,
Electrical Industry,Electrician / Motor Mechanic,Superior grade,1st year,monthly,19775,2024-01-01,
Electrical Industry,Electrician / Motor Mechanic,Superior grade,2nd year,monthly,19983,2024-01-01,
Electrical Industry,Electrician / Motor Mechanic,Superior grade,3rd year and thereafter,monthly,20190,2024-01-01,
Electrical Industry,Automobile Electrician / Blacksmith / Fitter / Motor Mechanic / Moulder / Panel beater / Pattern maker / Rigger / Sheet Metal / Welder,Grade I,1st year,monthly,18479,2024-01-01,
Electrical Industry,Automobile Electrician / Blacksmith / Fitter / Motor Mechanic / Moulder / Panel beater / Pattern maker / Rigger / Sheet Metal / Welder,Grade I,2nd year,monthly,18687,2024-01-01,
Electrical Industry,Automobile Electrician / Blacksmith / Fitter / Motor Mechanic / Moulder / Panel beater / Pattern maker / Rigger / Sheet Metal / Welder,Grade I,3rd year,monthly,18894,2024-01-01,
Electrical Industry,Automobile Electrician / Blacksmith / Fitter / Motor Mechanic / Moulder / Panel beater / Pattern maker / Rigger / Sheet Metal / Welder,Grade I,4th year,monthly,19102,2024-01-01,
Electrical Industry,Automobile Electrician / Blacksmith / Fitter / Motor Mechanic / Moulder / Panel beater / Pattern maker / Rigger / Sheet Metal / Welder,Grade I,5th year,monthly,19309,2024-01-01,
Electrical Industry,Automobile Electrician / Blacksmith / Fitter / Motor Mechanic / Moulder / Panel beater / Pattern maker / Rigger / Sheet Metal / Welder,Grade I,6th year,monthly,19416,2024-01-01,
Electrical Industry,Automobile Electrician / Blacksmith / Fitter / Motor Mechanic / Moulder / Panel beater / Pattern maker / Rigger / Sheet Metal / Welder,Grade I,7th year and thereafter,monthly,19624,2024-01-01,
Electrical Industry,Automobile Electrician / Blacksmith / Fitter / Motor Mechanic / Moulder / Panel beater / Pattern maker / Rigger / Sheet Metal / Welder,Grade II,1st year,monthly,17397,2024-01-01,
Electrical Industry,Automobile Electrician / Blacksmith / Fitter / Motor Mechanic / Moulder / Panel beater / Pattern maker / Rigger / Sheet Metal / Welder,Grade II,2nd year,monthly,17586,2024-01-01,
Electrical Industry,Automobile Electrician / Blacksmith / Fitter / Motor Mechanic / Moulder / Panel beater / Pattern maker / Rigger / Sheet Metal / Welder,Grade II,3rd year,monthly,17793,2024-01-01,
Electrical Industry,Automobile Electrician / Blacksmith / Fitter / Motor Mechanic / Moulder / Panel beater / Pattern maker / Rigger / Sheet Metal / Welder,Grade II,4th year,monthly,18001,2024-01-01,
Electrical Industry,Automobile Electrician / Blacksmith / Fitter / Motor Mechanic / Moulder / Panel beater / Pattern maker / Rigger / Sheet Metal / Welder,Grade II,5th year,monthly,18208,2024-01-01,
Electrical Industry,Automobile Electrician / Blacksmith / Fitter / Motor Mechanic / Moulder / Panel beater / Pattern maker / Rigger / Sheet Metal / Welder,Grade II,6th year,monthly,18316,2024-01-01,
Electrical Industry,Automobile Electrician / Blacksmith / Fitter / Motor Mechanic / Moulder / Panel beater / Pattern maker / Rigger / Sheet Metal / Welder,Grade III,1st year,monthly,16500,2024-01-01,
Electrical Industry,Automobile Electrician / Blacksmith / Fitter / Motor Mechanic / Moulder / Panel beater / Pattern maker / Rigger / Sheet Metal / Welder,Grade III,2nd year,monthly,16642,2024-01-01,
Electrical Industry,Automobile Electrician / Blacksmith / Fitter / Motor Mechanic / Moulder / Panel beater / Pattern maker / Rigger / Sheet Metal / Welder,Grade III,3rd year,monthly,16824,2024-01-01,
Electrical Industry,Automobile Electrician / Blacksmith / Fitter / Motor Mechanic / Moulder / Panel beater / Pattern maker / Rigger / Sheet Metal / Welder,Grade III,4th year,monthly,17700,2024-01-01,
Electrical Industry,Carpenter / Electrician / Painter,Grade I,1st year,monthly,18479,2024-01-01,
Electrical Industry,Carpenter / Electrician / Painter,Grade I,2nd year,monthly,18687,2024-01-01,
Electrical Industry,Carpenter / Electrician / Painter,Grade I,3rd year,monthly,18894,2024-01-01,
Electrical Industry,Carpenter / Electrician / Painter,Grade I,4th year,monthly,19102,2024-01-01,
Electrical Industry,Carpenter / Electrician / Painter,Grade I,5th year,monthly,19309,2024-01-01,
Electrical Industry,Carpenter / Electrician / Painter,Grade I,6th year,monthly,19416,2024-01-01,
Electrical Industry,Carpenter / Electrician / Painter,Grade I,7th year and thereafter,monthly,19624,2024-01-01,
Electrical Industry,Carpenter / Electrician / Painter,Grade II,1st year,monthly,17397,2024-01-01,
Electrical Industry,Carpenter / Electrician / Painter,Grade II,2nd year,monthly,17586,2024-01-01,
Electrical Industry,Carpenter / Electrician / Painter,Grade II,3rd year,monthly,17793,2024-01-01,
Electrical Industry,Carpenter / Electrician / Painter,Grade II,4th year,monthly,18001,2024-01-01,
Electrical Industry,Carpenter / Electrician / Painter,Grade II,5th year,monthly,18208,2024-01-01,
Electrical Industry,Carpenter / Electrician / Painter,Grade II,6th year,monthly,18316,2024-01-01,
Electrical Industry,Upholsterer,,,monthly,18479,2024-01-01,
Electrical Industry,Tyreperson,,,monthly,17975,2024-01-01,
Electrical Industry,Tyreperson Assistant,,,monthly,16812,2024-01-01,
Electrical Industry,Apprentice,,1st year,monthly,16500,2024-01-01,
Electrical Industry,Apprentice,,2nd year,monthly,16500,2024-01-01,
Electrical Industry,Apprentice,,3rd year,monthly,16500,2024-01-01,
Electrical Industry,Apprentice,,4th year,monthly,16500,2024-01-01,
Electrical Industry,Apprentice,,5th year and thereafter,monthly,16500,2024-01-01,
Factory Workers,Chief Clerk,,1st year,monthly,19940,2024-01-01,
Factory Workers,Chief Clerk,,2nd year,monthly,20165,2024-01-01,
Factory Workers,Chief Clerk,,3rd year,monthly,20402,2024-01-01,
Factory Workers,Chief Clerk,,4th year,monthly,20681,2024-01-01,
Factory Workers,Chief Clerk,,5th year,monthly,20895,2024-01-01,
Factory Workers,Chief Clerk,,6th year,monthly,21196,2024-01-01,
Factory Workers,Chief Clerk,,7th year,monthly,21443,2024-01-01,
Factory Workers,Chief Clerk,,8th year and thereafter,monthly,21700,2024-01-01,
Factory Workers,Accounts Clerk / Cashier / Storekeeper,,1st year,monthly,18980,2024-01-01,
Factory Workers,Accounts Clerk / Cashier / Storekeeper,,2nd year,monthly,19246,2024-01-01,
Factory Workers,Accounts Clerk / Cashier / Storekeeper,,3rd year,monthly,19503,2024-01-01,
Factory Workers,Accounts Clerk / Cashier / Storekeeper,,4th year,monthly,19718,2024-01-01,
Factory Workers,Accounts Clerk / Cashier / Storekeeper,,5th year,monthly,19932,2024-01-01,
Factory Workers,Accounts Clerk / Cashier / Storekeeper,,6th year,monthly,20058,2024-01-01,
Factory Workers,Accounts Clerk / Cashier / Storekeeper,,7th year,monthly,20284,2024-01-01,
Factory Workers,Accounts Clerk / Cashier / Storekeeper,,8th year and thereafter,monthly,20530,2024-01-01,
Factory Workers,Clerk / Assistant Storekeeper,,1st year,monthly,18085,2024-01-01,
Factory Workers,Clerk / Assistant Storekeeper,,2nd year,monthly,18254,2024-01-01,
Factory Workers,Clerk / Assistant Storekeeper,,3rd year,monthly,18438,2024-01-01,
Factory Workers,Clerk / Assistant Storekeeper,,4th year,monthly,18667,2024-01-01,
Factory Workers,Clerk / Assistant Storekeeper,,5th year,monthly,18883,2024-01-01,
Factory Workers,Clerk / Assistant Storekeeper,,6th year,monthly,19035,2024-01-01,
Factory Workers,Clerk / Assistant Storekeeper,,7th year,monthly,19353,2024-01-01,
Factory Workers,Clerk / Assistant Storekeeper,,8th year and thereafter,monthly,19653,2024-01-01,
Factory Workers,Word Processing Operator,,1st year,monthly,17787,2024-01-01,
Factory Workers,Word Processing Operator,,2nd year,monthly,17964,2024-01-01,
Factory Workers,Word Processing Operator,,3rd year,monthly,18140,2024-01-01,
Factory Workers,Word Processing Operator,,4th year,monthly,18357,2024-01-01,
Factory Workers,Word Processing Operator,,5th year,monthly,18575,2024-01-01,
Factory Workers,Word Processing Operator,,6th year,monthly,18808,2024-01-01,
Factory Workers,Word Processing Operator,,7th year,monthly,18935,2024-01-01,
Factory Workers,Word Processing Operator,,8th year and thereafter,monthly,19224,2024-01-01,
Factory Workers,Telephonist / Receptionist,,1st year,monthly,17556,2024-01-01,
Factory Workers,Telephonist / Receptionist,,2nd year,monthly,17732,2024-01-01,
Factory Workers,Telephonist / Receptionist,,3rd year,monthly,17909,2024-01-01,
Factory Workers,Telephonist / Receptionist,,4th year,monthly,18118,2024-01-01,
Factory Workers,Telephonist / Receptionist,,5th year,monthly,18334,2024-01-01,
Factory Workers,Telephonist / Receptionist,,6th year,monthly,18553,2024-01-01,
Factory Workers,Telephonist / Receptionist,,7th year,monthly,18786,2024-01-01,
Factory Workers,Telephonist / Receptionist,,8th year and thereafter,monthly,18859,2024-01-01,
Factory Workers,Foreman / Forewoman,,1st year,monthly,17556,2024-01-01,
Factory Workers,Foreman / Forewoman,,2nd year,monthly,17732,2024-01-01,
Factory Workers,Foreman / Forewoman,,3rd year,monthly,17909,2024-01-01,
Factory Workers,Foreman / Forewoman,,4th year,monthly,18118,2024-01-01,
Factory Workers,Foreman / Forewoman,,5th year,monthly,18334,2024-01-01,
Factory Workers,Foreman / Forewoman,,6th year,monthly,18553,2024-01-01,
Factory Workers,Foreman / Forewoman,,7th year,monthly,18764,2024-01-01,
Factory Workers,Foreman / Forewoman,,8th year and thereafter,monthly,18859,2024-01-01,
Factory Workers,Factory Operator,,1st year,monthly,17100,2024-01-01,
Factory Workers,Factory Operator,,2nd year,monthly,17100,2024-01-01,
Factory Workers,Factory Operator,,3rd year,monthly,17100,2024-01-01,
Factory Workers,Factory Operator,,4th year,monthly,17179,2024-01-01,
Factory Workers,Factory Operator,,5th year,monthly,17272,2024-01-01,
Factory Workers,Factory Operator,,6th year,monthly,17345,2024-01-01,
Factory Workers,Factory Operator,,7th year,monthly,17415,2024-01-01,
Factory Workers,Factory Operator,,8th year and thereafter,monthly,17487,2024-01-01,
Factory Workers,Factory Attendant,,1st year,monthly,17100,2024-01-01,
Factory Workers,Factory Attendant,,2nd year,monthly,17100,2024-01-01,
Factory Workers,Factory Attendant,,3rd year,monthly,17100,2024-01-01,
Factory Workers,Factory Attendant,,4th year,monthly,17100,2024-01-01,
Factory Workers,Factory Attendant,,5th year,monthly,17100,2024-01-01,
Factory Workers,Factory Attendant,,6th year,monthly,17100,2024-01-01,
Factory Workers,Factory Attendant,,7th year,monthly,17100,2024-01-01,
Factory Workers,Factory Attendant,,8th year and thereafter,monthly,17100,2024-01-01,
Factory Workers,Assistant Factory Employee,,1st year,monthly,16500,2024-01-01,
Factory Workers,Assistant Factory Employee,,2nd year,monthly,16585,2024-01-01,
Factory Workers,Assistant Factory Employee,,3rd year,monthly,16709,2024-01-01,
Factory Workers,Assistant Factory Employee,,4th year,monthly,16793,2024-01-01,
Factory Workers,Assistant Factory Employee,,5th year and thereafter,monthly,16873,2024-01-01,
Field Crop Workers,Field Labourer,Grade I,,monthly,17211,2024-01-01,
Field Crop Workers,Field Labourer,Grade II,,monthly,16500,2024-01-01,
Field Crop Workers,Surveillant,,,monthly,18000,2024-01-01,
Light Metal Industry,Accounts Clerk / Cashier / Storekeeper,,1st year,monthly,18341,2024-01-01,
Light Metal Industry,Accounts Clerk / Cashier / Storekeeper,,2nd year,monthly,18546,2024-01-01,
Light Metal Industry,Accounts Clerk / Cashier / Storekeeper,,3rd year,monthly,18706,2024-01-01,
Light Metal Industry,Accounts Clerk / Cashier / Storekeeper,,4th year,monthly,18867,2024-01-01,
Light Metal Industry,Accounts Clerk / Cashier / Storekeeper,,5th year,monthly,19098,2024-01-01,
Light Metal Industry,Accounts Clerk / Cashier / Storekeeper,,6th year,monthly,19318,2024-01-01,
Light Metal Industry,Accounts Clerk / Cashier / Storekeeper,,7th year,monthly,19448,2024-01-01,
Light Metal Industry,Accounts Clerk / Cashier / Storekeeper,,8th year and thereafter,monthly,19734,2024-01-01,
Light Metal Industry,Clerk,,1st year,monthly,17925,2024-01-01,
Light Metal Industry,Clerk,,2nd year,monthly,18148,2024-01-01,
Light Metal Industry,Clerk,,3rd year,monthly,18301,2024-01-01,
Light Metal Industry,Clerk,,4th year,monthly,18363,2024-01-01,
Light Metal Industry,Clerk,,5th year,monthly,18642,2024-01-01,
Light Metal Industry,Clerk,,6th year,monthly,18867,2024-01-01,
Light Metal Industry,Clerk,,7th year,monthly,19092,2024-01-01,
Light Metal Industry,Clerk,,8th year and thereafter,monthly,19307,2024-01-01,
Light Metal Industry,Word Processing Operator,,1st year,monthly,17567,2024-01-01,
Light Metal Industry,Word Processing Operator,,2nd year,monthly,17731,2024-01-01,
Light Metal Industry,Word Processing Operator,,3rd year,monthly,17882,2024-01-01,
Light Metal Industry,Word Processing Operator,,4th year,monthly,18047,2024-01-01,
Light Metal Industry,Word Processing Operator,,5th year,monthly,18223,2024-01-01,
Light Metal Industry,Word Processing Operator,,6th year,monthly,18502,2024-01-01,
Light Metal Industry,Word Processing Operator,,7th year,monthly,18727,2024-01-01,
Light Metal Industry,Word Processing Operator,,8th year and thereafter,monthly,18953,2024-01-01,
Light Metal Industry,Receptionist / Telephonist,,1st year,monthly,16677,2024-01-01,
Light Metal Industry,Receptionist / Telephonist,,2nd year,monthly,16842,2024-01-01,
Light Metal Industry,Receptionist / Telephonist,,3rd year,monthly,16997,2024-01-01,
Light Metal Industry,Receptionist / Telephonist,,4th year,monthly,17151,2024-01-01,
Light Metal Industry,Receptionist / Telephonist,,5th year,monthly,17395,2024-01-01,
Light Metal Industry,Receptionist / Telephonist,,6th year,monthly,17634,2024-01-01,
Light Metal Industry,Receptionist / Telephonist,,7th year,monthly,17860,2024-01-01,
Light Metal Industry,Receptionist / Telephonist,,8th year and thereafter,monthly,18148,2024-01-01,
Light Metal Industry,Cabinet Maker,Superior Grade,1st year,monthly,18502,2024-01-01,
Light Metal Industry,Cabinet Maker,Superior Grade,2nd year,monthly,18566,2024-01-01,
Light Metal Industry,Cabinet Maker,Superior Grade,3rd year,monthly,18620,2024-01-01,
Light Metal Industry,Cabinet Maker,Superior Grade,4th year,monthly,18674,2024-01-01,
Light Metal Industry,Cabinet Maker,Superior Grade,5th year and thereafter,monthly,18727,2024-01-01,
Light Metal Industry,Blacksmith / Cabinet Maker / Electrician / Fitter / Machine Operator / Mechanic / Painter / Panel Beater / Pipe Bender / Trimmer / Turner / Upholsterer / Welder,Grade I,1st year,monthly,18148,2024-01-01,
Light Metal Industry,Blacksmith / Cabinet Maker / Electrician / Fitter / Machine Operator / Mechanic / Painter / Panel Beater / Pipe Bender / Trimmer / Turner / Upholsterer / Welder,Grade I,2nd year,monthly,18204,2024-01-01,
Light Metal Industry,Blacksmith / Cabinet Maker / Electrician / Fitter / Machine Operator / Mechanic / Painter / Panel Beater / Pipe Bender / Trimmer / Turner / Upholsterer / Welder,Grade I,3rd year,monthly,18259,2024-01-01,
Light Metal Industry,Blacksmith / Cabinet Maker / Electrician / Fitter / Machine Operator / Mechanic / Painter / Panel Beater / Pipe Bender / Trimmer / Turner / Upholsterer / Welder,Grade I,4th year,monthly,18259,2024-01-01,
Light Metal Industry,Blacksmith / Cabinet Maker / Electrician / Fitter / Machine Operator / Mechanic / Painter / Panel Beater / Pipe Bender / Trimmer / Turner / Upholsterer / Welder,Grade I,5th year and thereafter,monthly,18266,2024-01-01,
Light Metal Industry,Blacksmith / Cabinet Maker / Electrician / Fitter / Machine Operator / Mechanic / Painter / Panel Beater / Pipe Bender / Trimmer / Turner / Upholsterer / Welder,Grade II,1st year,monthly,17405,2024-01-01,
Light Metal Industry,Blacksmith / Cabinet Maker / Electrician / Fitter / Machine Operator / Mechanic / Painter / Panel Beater / Pipe Bender / Trimmer / Turner / Upholsterer / Welder,Grade II,2nd year,monthly,17474,2024-01-01,
Light Metal Industry,Blacksmith / Cabinet Maker / Electrician / Fitter / Machine Operator / Mechanic / Painter / Panel Beater / Pipe Bender / Trimmer / Turner / Upholsterer / Welder,Grade II,3rd year,monthly,17533,2024-01-01,
Light Metal Industry,Blacksmith / Cabinet Maker / Electrician / Fitter / Machine Operator / Mechanic / Painter / Panel Beater / Pipe Bender / Trimmer / Turner / Upholsterer / Welder,Grade II,4th year,monthly,17590,2024-01-01,
Light Metal Industry,Blacksmith / Cabinet Maker / Electrician / Fitter / Machine Operator / Mechanic / Painter / Panel Beater / Pipe Bender / Trimmer / Turner / Upholsterer / Welder,Grade II,5th year and thereafter,monthly,17644,2024-01-01,
Light Metal Industry,Blacksmith / Cabinet Maker / Electrician / Fitter / Machine Operator / Mechanic / Painter / Panel Beater / Pipe Bender / Trimmer / Turner / Upholsterer / Welder,Grade III,1st year,monthly,16732,2024-01-01,
Light Metal Industry,Blacksmith / Cabinet Maker / Electrician / Fitter / Machine Operator / Mechanic / Painter / Panel Beater / Pipe Bender / Trimmer / Turner / Upholsterer / Welder,Grade III,2nd year,monthly,16798,2024-01-01,
Light Metal Industry,Blacksmith / Cabinet Maker / Electrician / Fitter / Machine Operator / Mechanic / Painter / Panel Beater / Pipe Bender / Trimmer / Turner / Upholsterer / Welder,Grade III,3rd year,monthly,16854,2024-01-01,
Light Metal Industry,Blacksmith / Cabinet Maker / Electrician / Fitter / Machine Operator / Mechanic / Painter / Panel Beater / Pipe Bender / Trimmer / Turner / Upholsterer / Welder,Grade III,4th year,monthly,16909,2024-01-01,
Light Metal Industry,Blacksmith / Cabinet Maker / Electrician / Fitter / Machine Operator / Mechanic / Painter / Panel Beater / Pipe Bender / Trimmer / Turner / Upholsterer / Welder,Grade III,5th year and thereafter,monthly,16964,2024-01-01,
Light Metal Industry,Apprentice,,1st year,monthly,16500,2024-01-01,
Light Metal Industry,Apprentice,,2nd year,monthly,16500,2024-01-01,
Light Metal Industry,Apprentice,,3rd year,monthly,16500,2024-01-01,
Light Metal Industry,Apprentice,,4th year,monthly,16500,2024-01-01,
Light Metal Industry,Apprentice,,5th year and thereafter,monthly,16500,2024-01-01,
Light Metal Industry,Driver,Grade I,1st year,monthly,17969,2024-01-01,
Light Metal Industry,Driver,Grade I,2nd year,monthly,18025,2024-01-01,
Light Metal Industry,Driver,Grade I,3rd year,monthly,18080,2024-01-01,
Light Metal Industry,Driver,Grade I,4th year,monthly,18193,2024-01-01,
Light Metal Industry,Driver,Grade I,5th year and thereafter,monthly,18248,2024-01-01,
Light Metal Industry,Driver,Grade II,1st year,monthly,17720,2024-01-01,
Light Metal Industry,Driver,Grade II,2nd year,monthly,17775,2024-01-01,
Light Metal Industry,Driver,Grade II,3rd year,monthly,17828,2024-01-01,
Light Metal Industry,Driver,Grade II,4th year,monthly,17882,2024-01-01,
Light Metal Industry,Driver,Grade II,5th year and thereafter,monthly,17936,2024-01-01,
Light Metal Industry,Driver,Grade III,1st year,monthly,17458,2024-01-01,
Light Metal Industry,Driver,Grade III,2nd year,monthly,17515,2024-01-01,
Light Metal Industry,Driver,Grade III,3rd year,monthly,17572,2024-01-01,
Light Metal Industry,Driver,Grade III,4th year,monthly,17629,2024-01-01,
Light Metal Industry,Driver,Grade III,5th year and thereafter,monthly,17693,2024-01-01,
Light Metal Industry,Store Attendant,,1st year,monthly,16500,2024-01-01,
Light Metal Industry,Store Attendant,,2nd year,monthly,16500,2024-01-01,
Light Metal Industry,Store Attendant,,3rd year,monthly,16500,2024-01-01,
Light Metal Industry,Store Attendant,,4th year and thereafter,monthly,16500,2024-01-01,
Livestock Industry,Supervisor,,1st year,monthly,17696,2024-01-01,
Livestock Industry,Supervisor,,2nd year,monthly,17847,2024-01-01,
Livestock Industry,Supervisor,,3rd year,monthly,18000,2024-01-01,
Livestock Industry,Supervisor,,4th year,monthly,18271,2024-01-01,
Livestock Industry,Supervisor,,5th year & thereafter,monthly,18481,2024-01-01,
Livestock Industry,Farm Employee,Grade I,,monthly,17211,2024-01-01,
Livestock Industry,Farm Employee,Grade II,,monthly,16500,2024-01-01,
Media Industry,Journalist / Secretaire de Redaction / Caricaturist / Radio Presenter,,1st year,monthly,25925,2024-01-01,
Media Industry,Journalist / Secretaire de Redaction / Caricaturist / Radio Presenter,,2nd year,monthly,26425,2024-01-01,
Media Industry,Journalist / Secretaire de Redaction / Caricaturist / Radio Presenter,,3rd year,monthly,26925,2024-01-01,
Media Industry,Journalist / Secretaire de Redaction / Caricaturist / Radio Presenter,,4th year,monthly,27425,2024-01-01,
Media Industry,Journalist / Secretaire de Redaction / Caricaturist / Radio Presenter,,5th year,monthly,27925,2024-01-01,
Media Industry,Journalist / Secretaire de Redaction / Caricaturist / Radio Presenter,,6th year,monthly,28425,2024-01-01,
Media Industry,Journalist / Secretaire de Redaction / Caricaturist / Radio Presenter,,7th year,monthly,28925,2024-01-01,
Media Industry,Journalist / Secretaire de Redaction / Caricaturist / Radio Presenter,,8th year,monthly,29425,2024-01-01,
Media Industry,Journalist / Secretaire de Redaction / Caricaturist / Radio Presenter,,9th year,monthly,29925,2024-01-01,
Media Industry,Journalist / Secretaire de Redaction / Caricaturist / Radio Presenter,,10th year & thereafter,monthly,30425,2024-01-01,
Media Industry,Junior Journalist / Photographer / Videographer / Audiovisual Editor / Radio Technician,,1st year,monthly,20925,2024-01-01,
Media Industry,Junior Journalist / Photographer / Videographer / Audiovisual Editor / Radio Technician,,2nd year,monthly,21225,2024-01-01,
Media Industry,Junior Journalist / Photographer / Videographer / Audiovisual Editor / Radio Technician,,3rd year,monthly,21525,2024-01-01,
Media Industry,Junior Journalist / Photographer / Videographer / Audiovisual Editor / Radio Technician,,4th year,monthly,21825,2024-01-01,
Media Industry,Junior Journalist / Photographer / Videographer / Audiovisual Editor / Radio Technician,,5th year,monthly,22125,2024-01-01,
Media Industry,Junior Journalist / Photographer / Videographer / Audiovisual Editor / Radio Technician,,6th year,monthly,22425,2024-01-01,
Media Industry,Junior Journalist / Photographer / Videographer / Audiovisual Editor / Radio Technician,,7th year,monthly,22725,2024-01-01,
Media Industry,Junior Journalist / Photographer / Videographer / Audiovisual Editor / Radio Technician,,8th year,monthly,23025,2024-01-01,
Media Industry,Junior Journalist / Photographer / Videographer / Audiovisual Editor / Radio Technician,,9th year,monthly,23325,2024-01-01,
Media Industry,Junior Journalist / Photographer / Videographer / Audiovisual Editor / Radio Technician,,10th year,monthly,23625,2024-01-01,
Media Industry,Junior Journalist / Photographer / Videographer / Audiovisual Editor / Radio Technician,,11th year,monthly,23925,2024-01-01,
Media Industry,Junior Journalist / Photographer / Videographer / Audiovisual Editor / Radio Technician,,12th year,monthly,24225,2024-01-01,
Media Industry,Junior Journalist / Photographer / Videographer / Audiovisual Editor / Radio Technician,,13th year,monthly,24525,2024-01-01,
Media Industry,Junior Journalist / Photographer / Videographer / Audiovisual Editor / Radio Technician,,14th year,monthly,24825,2024-01-01,
Media Industry,Junior Journalist / Photographer / Videographer / Audiovisual Editor / Radio Technician,,15th year & thereafter,monthly,25125,2024-01-01,
Media Industry,Documentalist / Maquettiste,,1st year,monthly,20925,2024-01-01,
Media Industry,Documentalist / Maquettiste,,2nd year,monthly,21175,2024-01-01,
Media Industry,Documentalist / Maquettiste,,3rd year,monthly,21425,2024-01-01,
Media Industry,Documentalist / Maquettiste,,4th year,monthly,21675,2024-01-01,
Media Industry,Documentalist / Maquettiste,,5th year,monthly,21925,2024-01-01,
Media Industry,Documentalist / Maquettiste,,6th year,monthly,22175,2024-01-01,
Media Industry,Documentalist / Maquettiste,,7th year,monthly,22425,2024-01-01,
Media Industry,Documentalist / Maquettiste,,8th year,monthly,22675,2024-01-01,
Media Industry,Documentalist / Maquettiste,,9th year,monthly,22925,2024-01-01,
Media Industry,Documentalist / Maquettiste,,10th year & thereafter,monthly,23175,2024-01-01,
Media Industry,Proof Reader,,1st year,monthly,18732,2024-01-01,
Media Industry,Proof Reader,,2nd year,monthly,18882,2024-01-01,
Media Industry,Proof Reader,,3rd year,monthly,19032,2024-01-01,
Media Industry,Proof Reader,,4th year,monthly,19182,2024-01-01,
Media Industry,Proof Reader,,5th year,monthly,19332,2024-01-01,
Media Industry,Proof Reader,,6th year,monthly,19482,2024-01-01,
Media Industry,Proof Reader,,7th year,monthly,19632,2024-01-01,
Media Industry,Proof Reader,,8th year,monthly,19782,2024-01-01,
Media Industry,Proof Reader,,9th year,monthly,19932,2024-01-01,
Media Industry,Proof Reader,,10th year & thereafter,monthly,20082,2024-01-01,
Media Industry,Clerk / Word Processing Operator,,1st year,monthly,19425,2024-01-01,
Media Industry,Clerk / Word Processing Operator,,2nd year,monthly,19575,2024-01-01,
Media Industry,Clerk / Word Processing Operator,,3rd year,monthly,19725,2024-01-01,
Media Industry,Clerk / Word Processing Operator,,4th year,monthly,19875,2024-01-01,
Media Industry,Clerk / Word Processing Operator,,5th year,monthly,20025,2024-01-01,
Media Industry,Clerk / Word Processing Operator,,6th year,monthly,20175,2024-01-01,
Media Industry,Clerk / Word Processing Operator,,7th year,monthly,20325,2024-01-01,
Media Industry,Clerk / Word Processing Operator,,8th year,monthly,20475,2024-01-01,
Media Industry,Clerk / Word Processing Operator,,9th year,monthly,20625,2024-01-01,
Media Industry,Clerk / Word Processing Operator,,10th year & thereafter,monthly,20775,2024-01-01,
Media Industry,Assistant Documentalist,,1st year,monthly,18665,2024-01-01,
Media Industry,Assistant Documentalist,,2nd year,monthly,18815,2024-01-01,
Media Industry,Assistant Documentalist,,3rd year,monthly,18965,2024-01-01,
Media Industry,Assistant Documentalist,,4th year,monthly,19115,2024-01-01,
Media Industry,Assistant Documentalist,,5th year,monthly,19275,2024-01-01,
Media Industry,Assistant Documentalist,,6th year,monthly,19515,2024-01-01,
Media Industry,Assistant Documentalist,,7th year,monthly,19565,2024-01-01,
Media Industry,Assistant Documentalist,,8th year,monthly,19715,2024-01-01,
Media Industry,Assistant Documentalist,,9th year,monthly,19863,2024-01-01,
Media Industry,Assistant Documentalist,,10th year & thereafter,monthly,20013,2024-01-01,
Media Industry,Receptionist / Telephonist / Radio Switchboard Operator,,1st year,monthly,18425,2024-01-01,
Media Industry,Receptionist / Telephonist / Radio Switchboard Operator,,2nd year,monthly,18525,2024-01-01,
Media Industry,Receptionist / Telephonist / Radio Switchboard Operator,,3rd year,monthly,18625,2024-01-01,
Media Industry,Receptionist / Telephonist / Radio Switchboard Operator,,4th year,monthly,18725,2024-01-01,
Media Industry,Receptionist / Telephonist / Radio Switchboard Operator,,5th year,monthly,18825,2024-01-01,
Media Industry,Receptionist / Telephonist / Radio Switchboard Operator,,6th year,monthly,18925,2024-01-01,
Media Industry,Receptionist / Telephonist / Radio Switchboard Operator,,7th year,monthly,19025,2024-01-01,
Media Industry,Receptionist / Telephonist / Radio Switchboard Operator,,8th year,monthly,19125,2024-01-01,
Media Industry,Receptionist / Telephonist / Radio Switchboard Operator,,9th year,monthly,19225,2024-01-01,
Media Industry,Receptionist / Telephonist / Radio Switchboard Operator,,10th year & thereafter,monthly,19325,2024-01-01,
Media Industry,Advertising Sales Representative,,1st year,monthly,19425,2024-01-01,
Media Industry,Advertising Sales Representative,,2nd year,monthly,19625,2024-01-01,
Media Industry,Advertising Sales Representative,,3rd year,monthly,19825,2024-01-01,
Media Industry,Advertising Sales Representative,,4th year,monthly,20025,2024-01-01,
Media Industry,Advertising Sales Representative,,5th year & thereafter,monthly,19750,2024-01-01,
Printing Industry,Supervisor,,,monthly,25570,2024-01-01,
Printing Industry,Assistant Supervisor,,,monthly,24875,2024-01-01,
Printing Industry,Machine Operator / Operator,,,monthly,24605,2024-01-01,
Printing Industry,Quality Controller / Checker,,,monthly,23672,2024-01-01,
Printing Industry,Archivist,,,monthly,22253,2024-01-01,
Printing Industry,Layout Artist,,1st year,monthly,19636,2024-01-01,
Printing Industry,Layout Artist,,2nd year,monthly,19896,2024-01-01,
Printing Industry,Layout Artist,,3rd year,monthly,20155,2024-01-01,
Printing Industry,Layout Artist,,4th year,monthly,20414,2024-01-01,
Printing Industry,Layout Artist,,5th year,monthly,20673,2024-01-01,
Printing Industry,Layout Artist,,6th year,monthly,20933,2024-01-01,
Printing Industry,Layout Artist,,7th year,monthly,21192,2024-01-01,
Printing Industry,Layout Artist,,8th year,monthly,21451,2024-01-01,
Printing Industry,Layout Artist,,9th year,monthly,21710,2024-01-01,
Printing Industry,Layout Artist,,10th year & thereafter,monthly,21970,2024-01-01,
Printing Industry,Proof Reader,,1st year,monthly,19376,2024-01-01,
Printing Industry,Proof Reader,,2nd year,monthly,19635,2024-01-01,
Printing Industry,Proof Reader,,3rd year,monthly,19895,2024-01-01,
Printing Industry,Proof Reader,,4th year,monthly,20154,2024-01-01,
Printing Industry,Proof Reader,,5th year,monthly,20413,2024-01-01,
Printing Industry,Proof Reader,,6th year,monthly,20672,2024-01-01,
Printing Industry,Proof Reader,,7th year,monthly,20932,2024-01-01,
Printing Industry,Proof Reader,,8th year,monthly,21191,2024-01-01,
Printing Industry,Proof Reader,,9th year,monthly,21450,2024-01-01,
Printing Industry,Proof Reader,,10th year & thereafter,monthly,21709,2024-01-01,
Printing Industry,Cameraperson / Platemaker / Photoengraver / Photo-type Setter / Computer to Plate Operator,,1st year,monthly,19077,2024-01-01,
Printing Industry,Cameraperson / Platemaker / Photoengraver / Photo-type Setter / Computer to Plate Operator,,2nd year,monthly,19310,2024-01-01,
Printing Industry,Cameraperson / Platemaker / Photoengraver / Photo-type Setter / Computer to Plate Operator,,3rd year,monthly,19469,2024-01-01,
Printing Industry,Cameraperson / Platemaker / Photoengraver / Photo-type Setter / Computer to Plate Operator,,4th year,monthly,19729,2024-01-01,
Printing Industry,Cameraperson / Platemaker / Photoengraver / Photo-type Setter / Computer to Plate Operator,,5th year,monthly,19988,2024-01-01,
Printing Industry,Cameraperson / Platemaker / Photoengraver / Photo-type Setter / Computer to Plate Operator,,6th year,monthly,20247,2024-01-01,
Printing Industry,Cameraperson / Platemaker / Photoengraver / Photo-type Setter / Computer to Plate Operator,,7th year,monthly,20506,2024-01-01,
Printing Industry,Cameraperson / Platemaker / Photoengraver / Photo-type Setter / Computer to Plate Operator,,8th year,monthly,20766,2024-01-01,
Printing Industry,Cameraperson / Platemaker / Photoengraver / Photo-type Setter / Computer to Plate Operator,,9th year,monthly,21025,2024-01-01,
Printing Industry,Cameraperson / Platemaker / Photoengraver / Photo-type Setter / Computer to Plate Operator,,10th year & thereafter,monthly,21284,2024-01-01,
Printing Industry,Assistant Machine Operator,,,monthly,20210,2024-01-01,
Printing Industry,Binder / Cutter,,1st year,monthly,17790,2024-01-01,
Printing Industry,Binder / Cutter,,2nd year,monthly,17998,2024-01-01,
Printing Industry,Binder / Cutter,,3rd year,monthly,18205,2024-01-01,
Printing Industry,Binder / Cutter,,4th year,monthly,18313,2024-01-01,
Printing Industry,Binder / Cutter,,5th year,monthly,18546,2024-01-01,
Printing Industry,Binder / Cutter,,6th year,monthly,18779,2024-01-01,
Printing Industry,Binder / Cutter,,7th year,monthly,19012,2024-01-01,
Printing Industry,Binder / Cutter,,8th year,monthly,19246,2024-01-01,
Printing Industry,Binder / Cutter,,9th year,monthly,19405,2024-01-01,
Printing Industry,Binder / Cutter,,10th year & thereafter,monthly,19664,2024-01-01,
Printing Industry,Handyperson / Helper,,1st year,monthly,16710,2024-01-01,
Printing Industry,Handyperson / Helper,,2nd year,monthly,16885,2024-01-01,
Printing Industry,Handyperson / Helper,,3rd year,monthly,17060,2024-01-01,
Printing Industry,Handyperson / Helper,,4th year,monthly,17235,2024-01-01,
Printing Industry,Handyperson / Helper,,5th year & thereafter,monthly,17440,2024-01-01,
Printing Industry,Apprentice,,1st year,monthly,16910,2024-01-01,
Printing Industry,Apprentice,,2nd year,monthly,17085,2024-01-01,
Printing Industry,Apprentice,,3rd year,monthly,17260,2024-01-01,
Printing Industry,Apprentice,,4th year,monthly,17466,2024-01-01,
Printing Industry,Clerk / Receptionist / Telephonist / Typist / Secretary,,1st year,monthly,18090,2024-01-01,
Printing Industry,Clerk / Receptionist / Telephonist / Typist / Secretary,,2nd year,monthly,18297,2024-01-01,
Printing Industry,Clerk / Receptionist / Telephonist / Typist / Secretary,,3rd year,monthly,18431,2024-01-01,
Printing Industry,Clerk / Receptionist / Telephonist / Typist / Secretary,,4th year,monthly,18664,2024-01-01,
Printing Industry,Clerk / Receptionist / Telephonist / Typist / Secretary,,5th year,monthly,18897,2024-01-01,
Printing Industry,Clerk / Receptionist / Telephonist / Typist / Secretary,,6th year,monthly,19131,2024-01-01,
Printing Industry,Clerk / Receptionist / Telephonist / Typist / Secretary,,7th year,monthly,19364,2024-01-01,
Printing Industry,Clerk / Receptionist / Telephonist / Typist / Secretary,,8th year,monthly,19523,2024-01-01,
Printing Industry,Clerk / Receptionist / Telephonist / Typist / Secretary,,9th year,monthly,19783,2024-01-01,
Printing Industry,Clerk / Receptionist / Telephonist / Typist / Secretary,,10th year & thereafter,monthly,20042,2024-01-01,
Printing Industry,Storekeeper,,1st year,monthly,18478,2024-01-01,
Printing Industry,Storekeeper,,2nd year,monthly,18712,2024-01-01,
Printing Industry,Storekeeper,,3rd year,monthly,18945,2024-01-01,
Printing Industry,Storekeeper,,4th year,monthly,19178,2024-01-01,
Printing Industry,Storekeeper,,5th year,monthly,19412,2024-01-01,
Printing Industry,Storekeeper,,6th year,monthly,19571,2024-01-01,
Printing Industry,Storekeeper,,7th year,monthly,19830,2024-01-01,
Printing Industry,Storekeeper,,8th year,monthly,20089,2024-01-01,
Printing Industry,Storekeeper,,9th year,monthly,20349,2024-01-01,
Printing Industry,Storekeeper,,10th year & thereafter,monthly,20608,2024-01-01,
Printing Industry,Store Attendant,,1st year,monthly,17110,2024-01-01,
Printing Industry,Store Attendant,,2nd year,monthly,17285,2024-01-01,
Printing Industry,Store Attendant,,3rd year,monthly,17492,2024-01-01,
Printing Industry,Store Attendant,,4th year,monthly,17699,2024-01-01,
Printing Industry,Store Attendant,,5th year & thereafter,monthly,17906,2024-01-01,
Private Hospitals,Charge Nurse / Ward Sister,,,monthly,25000,2024-01-01,
Private Hospitals,Medical Laboratory Technician / Radiographer / Nurse / Dispenser,,1st year & thereafter,monthly,23000,2024-01-01,
Private Hospitals,Assistant Nurse,,1st year,monthly,17100,2024-01-01,
Private Hospitals,Assistant Nurse,,2nd year,monthly,17160,2024-01-01,
Private Hospitals,Assistant Nurse,,3rd year,monthly,17310,2024-01-01,
Private Hospitals,Assistant Nurse,,4th year,monthly,17455,2024-01-01,
Private Hospitals,Assistant Nurse,,5th year,monthly,17605,2024-01-01,
Private Hospitals,Assistant Nurse,,6th year,monthly,17799,2024-01-01,
Private Hospitals,Assistant Nurse,,7th year,monthly,17978,2024-01-01,
Private Hospitals,Assistant Nurse,,8th year,monthly,18185,2024-01-01,
Private Hospitals,Assistant Nurse,,9th year,monthly,18404,2024-01-01,
Private Hospitals,Assistant Nurse,,10th year & thereafter,monthly,18588,2024-01-01,
Private Hospitals,Midwife,,1st year,monthly,17277,2024-01-01,
Private Hospitals,Midwife,,2nd year,monthly,17422,2024-01-01,
Private Hospitals,Midwife,,3rd year,monthly,17565,2024-01-01,
Private Hospitals,Midwife,,4th year,monthly,17703,2024-01-01,
Private Hospitals,Midwife,,5th year,monthly,17827,2024-01-01,
Private Hospitals,Midwife,,6th year,monthly,18007,2024-01-01,
Private Hospitals,Midwife,,7th year,monthly,18213,2024-01-01,
Private Hospitals,Midwife,,8th year,monthly,18431,2024-01-01,
Private Hospitals,Midwife,,9th year,monthly,18615,2024-01-01,
Private Hospitals,Midwife,,10th year & thereafter,monthly,18860,2024-01-01,
Private Hospitals,Nursing Aid,,1st year,monthly,16853,2024-01-01,
Private Hospitals,Nursing Aid,,2nd year,monthly,17003,2024-01-01,
Private Hospitals,Nursing Aid,,3rd year,monthly,17100,2024-01-01,
Private Hospitals,Nursing Aid,,4th year,monthly,17100,2024-01-01,
Private Hospitals,Nursing Aid,,5th year,monthly,17100,2024-01-01,
Private Hospitals,Nursing Aid,,6th year,monthly,17236,2024-01-01,
Private Hospitals,Nursing Aid,,7th year,monthly,17455,2024-01-01,
Private Hospitals,Nursing Aid,,8th year,monthly,17667,2024-01-01,
Private Hospitals,Nursing Aid,,9th year,monthly,17855,2024-01-01,
Private Hospitals,Nursing Aid,,10th year & thereafter,monthly,18047,2024-01-01,
Private Hospitals,Driver,,,monthly,17455,2024-01-01,
Private Hospitals,Cook,,1st year,monthly,17100,2024-01-01,
Private Hospitals,Cook,,2nd year,monthly,17160,2024-01-01,
Private Hospitals,Cook,,3rd year and thereafter,monthly,17389,2024-01-01,
Private Hospitals,Receptionist,,1st year,monthly,17100,2024-01-01,
Private Hospitals,Receptionist,,2nd year,monthly,17100,2024-01-01,
Private Hospitals,Receptionist,,3rd year and thereafter,monthly,17236,2024-01-01,
Private Hospitals,Nursing Home Attendant / Launderer,,1st year,monthly,16500,2024-01-01,
Private Hospitals,Nursing Home Attendant / Launderer,,2nd year,monthly,16650,2024-01-01,
Private Hospitals,Nursing Home Attendant / Launderer,,3rd year,monthly,16800,2024-01-01,
Private Hospitals,Nursing Home Attendant / Launderer,,4th year,monthly,16950,2024-01-01,
Private Hospitals,Nursing Home Attendant / Launderer,,5th year and thereafter,monthly,17100,2024-01-01,
Private Hospitals,Gardener,,,monthly,17100,2024-01-01,
Private Hospitals,Kitchen Help,,1st year,monthly,16500,2024-01-01,
Private Hospitals,Kitchen Help,,2nd year,monthly,16650,2024-01-01,
Private Hospitals,Kitchen Help,,3rd year and thereafter,monthly,16800,2024-01-01,
Private Hospitals,Handyperson,,,monthly,17978,2024-01-01,
Private Secondary Schools,Principal,,,monthly,25000,2024-01-01,
Private Secondary Schools,Teacher,Graduate,1st year & thereafter,monthly,25000,2024-01-01,
Private Secondary Schools,Teacher,"Non-Graduate Grade I / II / III",1st year & thereafter,monthly,23000,2024-01-01,
Private Secondary Schools,Teacher,Non-Graduate Grade IV,1st year & thereafter,monthly,16500,2024-01-01,
Private Secondary Schools,Instructor,Grade I,1st year & thereafter,monthly,23000,2024-01-01,
Private Secondary Schools,Instructor,Grade II,1st year,monthly,16500,2024-01-01,
Private Secondary Schools,Instructor,Grade II,2nd year,monthly,16500,2024-01-01,
Private Secondary Schools,Instructor,Grade II,3rd year,monthly,16500,2024-01-01,
Private Secondary Schools,Instructor,Grade II,4th year,monthly,16500,2024-01-01,
Private Secondary Schools,Instructor,Grade II,5th year,monthly,16500,2024-01-01,
Private Secondary Schools,Instructor,Grade II,6th year,monthly,16563,2024-01-01,
Private Secondary Schools,Instructor,Grade II,7th year,monthly,16684,2024-01-01,
Private Secondary Schools,Instructor,Grade II,8th year,monthly,16823,2024-01-01,
Private Secondary Schools,Instructor,Grade II,9th year,monthly,16957,2024-01-01,
Private Secondary Schools,Instructor,Grade II,10th year,monthly,17062,2024-01-01,
Private Secondary Schools,Instructor,Grade II,11th year,monthly,17176,2024-01-01,
Private Secondary Schools,Instructor,Grade II,12th year,monthly,17382,2024-01-01,
Private Secondary Schools,Instructor,Grade II,13th year & thereafter,monthly,17560,2024-01-01,
Private Secondary Schools,Clerk / Typist / Secretary / Usher / Librarian / Laboratory Attendant / Workshop Attendant,,1st year & thereafter,monthly,16500,2024-01-01,
Private Secondary Schools,Caretaker / Cleaner / Gardener,,,monthly,16500,2024-01-01,
Pre-Primary Schools,Teacher Supervisor,,,monthly,18851,2024-01-01,
Pre-Primary Schools,Teacher,Grade I,1st year,monthly,17671,2024-01-01,
Pre-Primary Schools,Teacher,Grade I,2nd year,monthly,17770,2024-01-01,
Pre-Primary Schools,Teacher,Grade I,3rd year,monthly,17886,2024-01-01,
Pre-Primary Schools,Teacher,Grade I,4th year,monthly,17991,2024-01-01,
Pre-Primary Schools,Teacher,Grade I,5th year,monthly,18112,2024-01-01,
Pre-Primary Schools,Teacher,Grade I,6th year,monthly,18222,2024-01-01,
Pre-Primary Schools,Teacher,Grade I,7th year,monthly,18361,2024-01-01,
Pre-Primary Schools,Teacher,Grade I,8th year,monthly,18483,2024-01-01,
Pre-Primary Schools,Teacher,Grade I,9th year,monthly,18621,2024-01-01,
Pre-Primary Schools,Teacher,Grade I,10th year & thereafter,monthly,18744,2024-01-01,
Pre-Primary Schools,Teacher,Grade II,1st year,monthly,17100,2024-01-01,
Pre-Primary Schools,Teacher,Grade II,2nd year,monthly,17137,2024-01-01,
Pre-Primary Schools,Teacher,Grade II,3rd year,monthly,17261,2024-01-01,
Pre-Primary Schools,Teacher,Grade II,4th year,monthly,17361,2024-01-01,
Pre-Primary Schools,Teacher,Grade II,5th year,monthly,17462,2024-01-01,
Pre-Primary Schools,Teacher,Grade III,Less than 5 years,monthly,17100,2024-01-01,
Pre-Primary Schools,Teacher,Grade III,5 to 10 years,monthly,17100,2024-01-01,
Pre-Primary Schools,Teacher,Grade III,More than 10 years & thereafter,monthly,17313,2024-01-01,
Pre-Primary Schools,Cook,,,monthly,17100,2024-01-01,
Pre-Primary Schools,Gardener / Handyperson,,,monthly,16500,2024-01-01,
Pre-Primary Schools,School Attendant,,1st year,monthly,17100,2024-01-01,
Pre-Primary Schools,School Attendant,,2nd year,monthly,17100,2024-01-01,
Pre-Primary Schools,School Attendant,,3rd year,monthly,17100,2024-01-01,
Pre-Primary Schools,School Attendant,,4th year,monthly,17100,2024-01-01,
Pre-Primary Schools,School Attendant,,5th year & thereafter,monthly,17100,2024-01-01,
Road Haulage,Tanker Driver,,1st year,monthly,18759,2024-01-01,
Road Haulage,Tanker Driver,,2nd year,monthly,18874,2024-01-01,
Road Haulage,Tanker Driver,,3rd year,monthly,19062,2024-01-01,
Road Haulage,Tanker Driver,,4th year,monthly,19250,2024-01-01,
Road Haulage,Tanker Driver,,5th year,monthly,19464,2024-01-01,
Road Haulage,Tanker Driver,,6th year,monthly,19679,2024-01-01,
Road Haulage,Tanker Driver,,7th year,monthly,19894,2024-01-01,
Road Haulage,Tanker Driver,,8th year & thereafter,monthly,20008,2024-01-01,
Road Haulage,Tanker Driver's Assistant,,1st year,monthly,16500,2024-01-01,
Road Haulage,Tanker Driver's Assistant,,2nd year,monthly,16650,2024-01-01,
Road Haulage,Tanker Driver's Assistant,,3rd year,monthly,16800,2024-01-01,
Road Haulage,Tanker Driver's Assistant,,4th year,monthly,16950,2024-01-01,
Road Haulage,Tanker Driver's Assistant,,5th year,monthly,17100,2024-01-01,
Road Haulage,Tanker Driver's Assistant,,6th year,monthly,17221,2024-01-01,
Road Haulage,Tanker Driver's Assistant,,7th year,monthly,17394,2024-01-01,
Road Haulage,Tanker Driver's Assistant,,8th year & thereafter,monthly,17565,2024-01-01,
Road Haulage,Driver,Grade I,1st year,monthly,18007,2024-01-01,
Road Haulage,Driver,Grade I,2nd year,monthly,18202,2024-01-01,
Road Haulage,Driver,Grade I,3rd year,monthly,18389,2024-01-01,
Road Haulage,Driver,Grade I,4th year,monthly,18574,2024-01-01,
Road Haulage,Driver,Grade I,5th year,monthly,18759,2024-01-01,
Road Haulage,Driver,Grade I,6th year,monthly,18852,2024-01-01,
Road Haulage,Driver,Grade I,7th year,monthly,19040,2024-01-01,
Road Haulage,Driver,Grade I,8th year & thereafter,monthly,19228,2024-01-01,
Road Haulage,Driver,Grade II,1st year,monthly,17711,2024-01-01,
Road Haulage,Driver,Grade II,2nd year,monthly,17873,2024-01-01,
Road Haulage,Driver,Grade II,3rd year,monthly,18041,2024-01-01,
Road Haulage,Driver,Grade II,4th year,monthly,18207,2024-01-01,
Road Haulage,Driver,Grade II,5th year,monthly,18368,2024-01-01,
Road Haulage,Driver,Grade II,6th year,monthly,18555,2024-01-01,
Road Haulage,Driver,Grade II,7th year,monthly,18743,2024-01-01,
Road Haulage,Driver,Grade II,8th year & thereafter,monthly,18832,2024-01-01,
Road Haulage,Driver,Grade III,1st year,monthly,17452,2024-01-01,
Road Haulage,Driver,Grade III,2nd year,monthly,17619,2024-01-01,
Road Haulage,Driver,Grade III,3rd year,monthly,17781,2024-01-01,
Road Haulage,Driver,Grade III,4th year,monthly,17945,2024-01-01,
Road Haulage,Driver,Grade III,5th year,monthly,18112,2024-01-01,
Road Haulage,Driver,Grade III,6th year,monthly,18276,2024-01-01,
Road Haulage,Driver,Grade III,7th year,monthly,18464,2024-01-01,
Road Haulage,Driver,Grade III,8th year & thereafter,monthly,18652,2024-01-01,
Road Haulage,Vehicle Assistant,,1st year,monthly,16930,2024-01-01,
Road Haulage,Vehicle Assistant,,2nd year,monthly,17090,2024-01-01,
Road Haulage,Vehicle Assistant,,3rd year,monthly,17238,2024-01-01,
Road Haulage,Vehicle Assistant,,4th year,monthly,17410,2024-01-01,
Road Haulage,Vehicle Assistant,,5th year,monthly,17580,2024-01-01,
Road Haulage,Vehicle Assistant,,6th year,monthly,17744,2024-01-01,
Road Haulage,Vehicle Assistant,,7th year,monthly,17905,2024-01-01,
Road Haulage,Vehicle Assistant,,8th year & thereafter,monthly,18074,2024-01-01,
Security Services,Security Guard,,1st year,monthly,17934,2024-01-01,
Security Services,Security Guard,,2nd year,monthly,18049,2024-01-01,
Security Services,Security Guard,,3rd year,monthly,18164,2024-01-01,
Security Services,Security Guard,,4th year,monthly,18279,2024-01-01,
Security Services,Security Guard,,5th year,monthly,18394,2024-01-01,
Security Services,Security Guard,,6th year,monthly,18509,2024-01-01,
Security Services,Security Guard,,7th year,monthly,18624,2024-01-01,
Security Services,Security Guard,,8th year,monthly,18739,2024-01-01,
Security Services,Security Guard,,9th year,monthly,18854,2024-01-01,
Security Services,Security Guard,,10th year and thereafter,monthly,18969,2024-01-01,
Sugar Industry,Motor Mechanic,Heavy Mechanical Unit - Chief,0,monthly,22289,2024-07-01,Non-agricultural workers
Sugar Industry,Motor Mechanic,Heavy Mechanical Unit - Superior grade,0,monthly,21088,2024-07-01,Non-agricultural workers
Sugar Industry,Motor Mechanic,Heavy Mechanical Unit - Grade I,0,monthly,20580,2024-07-01,Non-agricultural workers
Sugar Industry,Motor Mechanic,Heavy Mechanical Unit - Grade II,0,monthly,20074,2024-07-01,Non-agricultural workers
Sugar Industry,Motor Mechanic / Pan Boiler / Electrician,Chief,0,monthly,21976,2024-07-01,Non-agricultural workers
Sugar Industry,Motor Mechanic / Pan Boiler / Electrician,Superior grade,0,monthly,20833,2024-07-01,Non-agricultural workers
Sugar Industry,Motor Mechanic / Pan Boiler / Electrician,Grade I,0,monthly,20314,2024-07-01,Non-agricultural workers
Sugar Industry,Motor Mechanic / Pan Boiler / Electrician,Grade II,0,monthly,19686,2024-07-01,Non-agricultural workers
Sugar Industry,Blacksmith / Coppersmith / Fitter / Moulder / Pattern Maker / Plumber and Pipefitter / Sheet metal employee / Boiler maker / Turner / Welder,Chief,0,monthly,20956,2024-07-01,Non-agricultural workers
Sugar Industry,Blacksmith / Coppersmith / Fitter / Moulder / Pattern Maker / Plumber and Pipefitter / Sheet metal employee / Boiler maker / Turner / Welder,Superior grade,0,monthly,20833,2024-07-01,Non-agricultural workers
Sugar Industry,Blacksmith / Coppersmith / Fitter / Moulder / Pattern Maker / Plumber and Pipefitter / Sheet metal employee / Boiler maker / Turner / Welder,Grade I,0,monthly,20314,2024-07-01,Non-agricultural workers
Sugar Industry,Blacksmith / Coppersmith / Fitter / Moulder / Pattern Maker / Plumber and Pipefitter / Sheet metal employee / Boiler maker / Turner / Welder,Grade II,0,monthly,19686,2024-07-01,Non-agricultural workers
Sugar Industry,Painter / Tinsmith / Carpenter / Mason / Rigger / Laboratory Attendant,Chief,0,monthly,20833,2024-07-01,Non-agricultural workers
Sugar Industry,Painter / Tinsmith / Carpenter / Mason / Rigger / Laboratory Attendant,Superior grade,0,monthly,20579,2024-07-01,Non-agricultural workers
Sugar Industry,Painter / Tinsmith / Carpenter / Mason / Rigger / Laboratory Attendant,Grade I,0,monthly,19497,2024-07-01,Non-agricultural workers
Sugar Industry,Painter / Tinsmith / Carpenter / Mason / Rigger / Laboratory Attendant,Grade II,0,monthly,19347,2024-07-01,Non-agricultural workers
Sugar Industry,Driver - Heavy Mechanical Unit / Loading and Harvesting Machine Operator,Superior grade,0,monthly,20071,2024-07-01,Non-agricultural workers
Sugar Industry,Driver - Heavy Mechanical Unit / Loading and Harvesting Machine Operator,Grade I,0,monthly,19371,2024-07-01,Non-agricultural workers
Sugar Industry,Driver - Heavy Mechanical Unit / Loading and Harvesting Machine Operator,Grade II,0,monthly,19163,2024-07-01,Non-agricultural workers
Sugar Industry,Driver (lorries / vans / buses / cars / rollers / wheel tractor / light loader),Superior grade,0,monthly,19645,2024-07-01,Non-agricultural workers
Sugar Industry,Driver (lorries / vans / buses / cars / rollers / wheel tractor / light loader),Grade I,0,monthly,19371,2024-07-01,Non-agricultural workers
Sugar Industry,Driver (lorries / vans / buses / cars / rollers / wheel tractor / light loader),Grade II,0,monthly,19163,2024-07-01,Non-agricultural workers
Sugar Industry,Factory Operator,Superior grade,1st year,monthly,18948,2024-07-01,Non-agricultural workers
Sugar Industry,Factory Operator,Superior grade,2nd year,monthly,19005,2024-07-01,Non-agricultural workers
Sugar Industry,Factory Operator,Superior grade,3rd year,monthly,19035,2024-07-01,Non-agricultural workers
Sugar Industry,Factory Operator,Superior grade,4th year,monthly,19071,2024-07-01,Non-agricultural workers
Sugar Industry,Factory Operator,Superior grade,5th year,monthly,19104,2024-07-01,Non-agricultural workers
Sugar Industry,Factory Operator,Superior grade,6th year & thereafter,monthly,19163,2024-07-01,Non-agricultural workers
Sugar Industry,Factory Operator,Grade I,1st year,monthly,18724,2024-07-01,Non-agricultural workers
Sugar Industry,Factory Operator,Grade I,2nd year,monthly,18759,2024-07-01,Non-agricultural workers
Sugar Industry,Factory Operator,Grade I,3rd year,monthly,18776,2024-07-01,Non-agricultural workers
Sugar Industry,Factory Operator,Grade I,4th year,monthly,18796,2024-07-01,Non-agricultural workers
Sugar Industry,Factory Operator,Grade I,5th year,monthly,18822,2024-07-01,Non-agricultural workers
Sugar Industry,Factory Operator,Grade I,6th year & thereafter,monthly,18942,2024-07-01,Non-agricultural workers
Sugar Industry,Factory Operator,Grade II,1st year,monthly,18475,2024-07-01,Non-agricultural workers
Sugar Industry,Factory Operator,Grade II,2nd year,monthly,18552,2024-07-01,Non-agricultural workers
Sugar Industry,Factory Operator,Grade II,3rd year,monthly,18669,2024-07-01,Non-agricultural workers
Sugar Industry,Factory Operator,Grade II,4th year,monthly,18590,2024-07-01,Non-agricultural workers
Sugar Industry,Factory Operator,Grade II,5th year,monthly,18623,2024-07-01,Non-agricultural workers
Sugar Industry,Factory Operator,Grade II,6th year & thereafter,monthly,18695,2024-07-01,Non-agricultural workers
Sugar Industry,Evaporator Attendant / Boiler Attendant / Hotwater Treatment Plant Attendant,Chief,0,monthly,19163,2024-07-01,Non-agricultural workers
Sugar Industry,Evaporator Attendant / Boiler Attendant / Hotwater Treatment Plant Attendant,Others,0,monthly,18724,2024-07-01,Non-agricultural workers
Sugar Industry,Sugar Refiner / Peseur de jus / Striker,,0,monthly,18724,2024-07-01,Non-agricultural workers
Sugar Industry,Office Messenger / Store Attendant,Chief,0,monthly,18724,2024-07-01,Non-agricultural workers
Sugar Industry,Office Messenger / Store Attendant,Others,0,monthly,18455,2024-07-01,Non-agricultural workers
Sugar Industry,Telephone Operator / Sampler / Bagger and Stoker,,0,monthly,18552,2024-07-01,Non-agricultural workers
Sugar Industry,Clarifier Employee / Filter Press Employee / Irrigation Pipe Adjuster / Bus Attendant / Locomotive Attendant / Lorry Loader / Lorry Attendant / Tractor Attendant / Tyre Repairer / Lime Control Employee,,0,monthly,18455,2024-07-01,Non-agricultural workers
Sugar Industry,Irrigation Pump Operator,,1st year,monthly,18948,2024-07-01,Non-agricultural workers
Sugar Industry,Irrigation Pump Operator,,2nd year,monthly,19005,2024-07-01,Non-agricultural workers
Sugar Industry,Irrigation Pump Operator,,3rd year,monthly,19035,2024-07-01,Non-agricultural workers
Sugar Industry,Irrigation Pump Operator,,4th year,monthly,19071,2024-07-01,Non-agricultural workers
Sugar Industry,Irrigation Pump Operator,,5th year,monthly,19104,2024-07-01,Non-agricultural workers
Sugar Industry,Irrigation Pump Operator,,6th year & thereafter,monthly,19163,2024-07-01,Non-agricultural workers
Sugar Industry,Coachsmith / Coachpainter,,0,monthly,20579,2024-07-01,Non-agricultural workers
Tea Industry,Field Labourer,Male,,monthly,17100,2024-07-01,
Tea Industry,Field Labourer,Female,,monthly,16500,2024-07-01,
Tea Industry,Sirdar or Gangman,,,monthly,17641,2024-07-01,
Tea Industry,Factory Employee,Male,,monthly,17100,2024-07-01,
Tea Industry,Factory Employee,Female,,monthly,16500,2024-07-01,
Tea Industry,Gardener,,,monthly,17100,2024-07-01,
Tea Industry,Factory Supervisor,,,monthly,18553,2024-07-01,
Tea Industry,Messenger,,,monthly,17100,2024-07-01,
Tea Industry,Store Attendant,,,monthly,17383,2024-07-01,
Tea Industry,Laboratory Attendant,Grade I,,monthly,17383,2024-07-01,
Tea Industry,Laboratory Attendant,Grade II,,monthly,17148,2024-07-01,
Tea Industry,Assistant Sirdar or Gangman,,,monthly,17235,2024-07-01,
Tea Industry,Turner / Fitter / Electrician / Motor Mechanic / Welder / Plumber and Pipe Fitter,Grade I,,monthly,18263,2024-07-01,
Tea Industry,Turner / Fitter / Electrician / Motor Mechanic / Welder / Plumber and Pipe Fitter,Grade II,,monthly,17952,2024-07-01,
Tea Industry,Turner / Fitter / Electrician / Motor Mechanic / Welder / Plumber and Pipe Fitter,Grade III,,monthly,17453,2024-07-01,
Tea Industry,Carpenter & Stone Mason,Grade I,,monthly,17471,2024-07-01,
Tea Industry,Carpenter & Stone Mason,Grade II,,monthly,17262,2024-07-01,
Tea Industry,Carpenter & Stone Mason,Grade III,,monthly,17100,2024-07-01,
Tea Industry,Factory Operator,,,monthly,17383,2024-07-01,
Tea Industry,Weigher,Grade I,,monthly,17993,2024-07-01,
Tea Industry,Weigher,Grade II,,monthly,17429,2024-07-01,
Tea Industry,Leaf Checker,,,monthly,17375,2024-07-01,
Tea Industry,Driver,Grade I,,monthly,17513,2024-07-01,
Tea Industry,Driver,Grade II,,monthly,17315,2024-07-01,
Tea Industry,Lorry Attendant / Lorry Helper,,,monthly,17100,2024-07-01,
Tea Industry,Factory Attendant,,,monthly,17100,2024-07-01,
Tea Industry,Boiler & Turbine Operator,,,monthly,18366,2024-07-01,
